mean_fit_time,std_fit_time,mean_score_time,std_score_time,param_random_state,param_n_estimators,param_max_depth,param_learning_rate,param_criterion,params,split0_test_accuracy,split1_test_accuracy,split2_test_accuracy,split3_test_accuracy,split4_test_accuracy,mean_test_accuracy,std_test_accuracy,rank_test_accuracy,split0_test_f1,split1_test_f1,split2_test_f1,split3_test_f1,split4_test_f1,mean_test_f1,std_test_f1,rank_test_f1,split0_test_precision,split1_test_precision,split2_test_precision,split3_test_precision,split4_test_precision,mean_test_precision,std_test_precision,rank_test_precision,split0_test_recall,split1_test_recall,split2_test_recall,split3_test_recall,split4_test_recall,mean_test_recall,std_test_recall,rank_test_recall
3.7532670974731444,0.7423665394529857,0.021456575393676756,0.0006787650341974285,42,300,10,1,friedman_mse,"{'random_state': 42, 'n_estimators': 300, 'max_depth': 10, 'learning_rate': 1, 'criterion': 'friedman_mse'}",0.8409893992932862,0.872791519434629,0.900709219858156,0.8617021276595744,0.8723404255319149,0.869706538355512,0.019320276378868746,12,0.3283582089552239,0.48571428571428565,0.6111111111111112,0.46575342465753417,0.5135135135135135,0.48089010879033367,0.09114841560663359,26,0.4782608695652174,0.6538461538461539,0.7586206896551724,0.5666666666666667,0.6333333333333333,0.6181455426133087,0.09322689095780079,16,0.25,0.38636363636363635,0.5116279069767442,0.3953488372093023,0.4318181818181818,0.39503171247357294,0.08492037521587618,27
6.931003475189209,1.1946215438365708,0.029392719268798828,0.007232736797366174,42,600,8,0.5,friedman_mse,"{'random_state': 42, 'n_estimators': 600, 'max_depth': 8, 'learning_rate': 0.5, 'criterion': 'friedman_mse'}",0.8621908127208481,0.8763250883392226,0.8900709219858156,0.851063829787234,0.8723404255319149,0.870398215673007,0.01316886717380562,11,0.49350649350649356,0.5070422535211268,0.5633802816901409,0.4324324324324324,0.48571428571428565,0.49641514937289594,0.04198576215317823,12,0.5757575757575758,0.6666666666666666,0.7142857142857143,0.5161290322580645,0.6538461538461539,0.625337028562835,0.07045180835069162,10,0.4318181818181818,0.4090909090909091,0.46511627906976744,0.37209302325581395,0.38636363636363635,0.4128964059196617,0.033070634884157075,16
3.0641103267669676,0.32714206559176057,0.02582888603210449,0.005676291248849756,42,500,2,1,squared_error,"{'random_state': 42, 'n_estimators': 500, 'max_depth': 2, 'learning_rate': 1, 'criterion': 'squared_error'}",0.8515901060070671,0.8657243816254417,0.8687943262411347,0.8439716312056738,0.8617021276595744,0.8583565145477783,0.009242679899462859,42,0.5,0.5681818181818182,0.5432098765432098,0.4054054054054055,0.5063291139240506,0.5046252428108968,0.055492493935195404,6,0.525,0.5681818181818182,0.5789473684210527,0.4838709677419355,0.5714285714285714,0.5454857451546756,0.03612165208767643,44,0.4772727272727273,0.5681818181818182,0.5116279069767442,0.3488372093023256,0.45454545454545453,0.4720930232558139,0.07255729558885685,2
5.51466121673584,1.2644478919787934,0.0301361083984375,0.01637678432745585,42,400,8,0.5,friedman_mse,"{'random_state': 42, 'n_estimators': 400, 'max_depth': 8, 'learning_rate': 0.5, 'criterion': 'friedman_mse'}",0.8586572438162544,0.8763250883392226,0.8936170212765957,0.8404255319148937,0.8652482269503546,0.8668546224594641,0.01774367529342113,28,0.48717948717948717,0.5070422535211268,0.5714285714285714,0.36619718309859156,0.4411764705882353,0.47460479316320237,0.06849061026411316,32,0.5588235294117647,0.6666666666666666,0.7407407407407407,0.4642857142857143,0.625,0.6111033302209773,0.09420705909406055,26,0.4318181818181818,0.4090909090909091,0.46511627906976744,0.3023255813953488,0.3409090909090909,0.38985200845665957,0.059753309610989847,31
5.570080709457398,0.973009553894977,0.02279210090637207,0.0010034443374766246,42,500,8,0.5,squared_error,"{'random_state': 42, 'n_estimators': 500, 'max_depth': 8, 'learning_rate': 0.5, 'criterion': 'squared_error'}",0.8657243816254417,0.8833922261484098,0.8900709219858156,0.8475177304964538,0.8546099290780141,0.868263037866827,0.016295374072473213,22,0.5,0.547945205479452,0.5633802816901409,0.3943661971830986,0.4225352112676057,0.4856453791240594,0.06699973272191917,22,0.59375,0.6896551724137931,0.7142857142857143,0.5,0.5555555555555556,0.6106492884510126,0.080680367933908,28,0.4318181818181818,0.45454545454545453,0.46511627906976744,0.32558139534883723,0.3409090909090909,0.4035940803382664,0.058639594633154726,22
0.49904813766479494,0.0023734131798953625,0.018053627014160155,7.539602220813261e-05,42,100,2,1,friedman_mse,"{'random_state': 42, 'n_estimators': 100, 'max_depth': 2, 'learning_rate': 1, 'criterion': 'friedman_mse'}",0.8480565371024735,0.8197879858657244,0.8404255319148937,0.8652482269503546,0.8652482269503546,0.8477533017567602,0.017017590137705204,52,0.5057471264367817,0.4516129032258064,0.4578313253012048,0.5365853658536586,0.4722222222222222,0.4847997886079347,0.03196059925429634,24,0.5116279069767442,0.42857142857142855,0.475,0.5641025641025641,0.6071428571428571,0.5172889513587188,0.06317664189053365,51,0.5,0.4772727272727273,0.4418604651162791,0.5116279069767442,0.38636363636363635,0.4634249471458774,0.04529126482416142,6
5.360659503936768,1.082825719748231,0.022855281829833984,0.0014539502945558427,42,600,6,1,squared_error,"{'random_state': 42, 'n_estimators': 600, 'max_depth': 6, 'learning_rate': 1, 'criterion': 'squared_error'}",0.8621908127208481,0.8904593639575972,0.8865248226950354,0.8723404255319149,0.8617021276595744,0.874643510512994,0.011992998559490127,2,0.4657534246575343,0.5866666666666667,0.5555555555555556,0.5,0.4657534246575343,0.5147458143074581,0.04869495150756741,2,0.5862068965517241,0.7096774193548387,0.6896551724137931,0.6206896551724138,0.5862068965517241,0.6384872080088988,0.05190264269168959,2,0.38636363636363635,0.5,0.46511627906976744,0.4186046511627907,0.38636363636363635,0.4312896405919662,0.044861911750069594,10
5.151640558242798,0.9184154670527304,0.0276486873626709,0.011311163893107292,42,400,10,0.5,squared_error,"{'random_state': 42, 'n_estimators': 400, 'max_depth': 10, 'learning_rate': 0.5, 'criterion': 'squared_error'}",0.8586572438162544,0.8798586572438163,0.8936170212765957,0.8475177304964538,0.8652482269503546,0.8689797759566948,0.016164420423429065,17,0.4117647058823529,0.5,0.5833333333333334,0.3943661971830986,0.4411764705882353,0.466128141397404,0.06871987406350162,36,0.5833333333333334,0.7083333333333334,0.7241379310344828,0.5,0.625,0.6281609195402299,0.08256382726552153,8,0.3181818181818182,0.38636363636363635,0.4883720930232558,0.32558139534883723,0.3409090909090909,0.3718816067653277,0.06287517185580489,40
1.8825157642364503,0.026800491391260152,0.018894290924072264,0.00020942357934459834,42,200,4,1,squared_error,"{'random_state': 42, 'n_estimators': 200, 'max_depth': 4, 'learning_rate': 1, 'criterion': 'squared_error'}",0.8515901060070671,0.8480565371024735,0.875886524822695,0.8687943262411347,0.8723404255319149,0.863333583941057,0.011312087877867172,36,0.46153846153846156,0.4266666666666667,0.49275362318840576,0.4788732394366197,0.4705882352941177,0.4660840452248543,0.022223904557794168,37,0.5294117647058824,0.5161290322580645,0.6538461538461539,0.6071428571428571,0.6666666666666666,0.5946392949239249,0.06207773438838532,36,0.4090909090909091,0.36363636363636365,0.3953488372093023,0.3953488372093023,0.36363636363636365,0.3854122621564482,0.01847446281179998,34
1.3878067493438722,0.055625853783977136,0.018615865707397462,0.0005537341094837212,42,100,6,1,friedman_mse,"{'random_state': 42, 'n_estimators': 100, 'max_depth': 6, 'learning_rate': 1, 'criterion': 'friedman_mse'}",0.8551236749116607,0.8657243816254417,0.8865248226950354,0.8687943262411347,0.8617021276595744,0.8675738666265694,0.010521724617035147,23,0.4225352112676057,0.5,0.5294117647058824,0.4307692307692308,0.43478260869565216,0.4634997630876742,0.04301329203866536,38,0.5555555555555556,0.59375,0.72,0.6363636363636364,0.6,0.6211338383838384,0.05568391072363915,15,0.3409090909090909,0.4318181818181818,0.4186046511627907,0.32558139534883723,0.3409090909090909,0.37156448202959835,0.04435591532250249,43
4.912575817108154,0.19774443200029684,0.022637224197387694,0.0007163242242982586,42,200,10,0,squared_error,"{'random_state': 42, 'n_estimators': 200, 'max_depth': 10, 'learning_rate': 0, 'criterion': 'squared_error'}",0.8445229681978799,0.8445229681978799,0.8475177304964538,0.8475177304964538,0.8439716312056738,0.8456106057188683,0.0015701208898417011,53,0.0,0.0,0.0,0.0,0.0,0.0,0.0,53,0.0,0.0,0.0,0.0,0.0,0.0,0.0,53,0.0,0.0,0.0,0.0,0.0,0.0,0.0,53
10.57411298751831,0.1847719668157316,0.024837732315063477,0.0009793613510679761,42,500,8,0,friedman_mse,"{'random_state': 42, 'n_estimators': 500, 'max_depth': 8, 'learning_rate': 0, 'criterion': 'friedman_mse'}",0.8445229681978799,0.8445229681978799,0.8475177304964538,0.8475177304964538,0.8439716312056738,0.8456106057188683,0.0015701208898417011,53,0.0,0.0,0.0,0.0,0.0,0.0,0.0,53,0.0,0.0,0.0,0.0,0.0,0.0,0.0,53,0.0,0.0,0.0,0.0,0.0,0.0,0.0,53
3.0979552268981934,0.09141316596748308,0.02039961814880371,0.00032102848400026543,42,300,4,0,friedman_mse,"{'random_state': 42, 'n_estimators': 300, 'max_depth': 4, 'learning_rate': 0, 'criterion': 'friedman_mse'}",0.8445229681978799,0.8445229681978799,0.8475177304964538,0.8475177304964538,0.8439716312056738,0.8456106057188683,0.0015701208898417011,53,0.0,0.0,0.0,0.0,0.0,0.0,0.0,53,0.0,0.0,0.0,0.0,0.0,0.0,0.0,53,0.0,0.0,0.0,0.0,0.0,0.0,0.0,53
23.076979207992554,16.671721824226385,0.03381667137145996,0.011757654916047066,42,200,,1,friedman_mse,"{'random_state': 42, 'n_estimators': 200, 'max_depth': None, 'learning_rate': 1, 'criterion': 'friedman_mse'}",0.8621908127208481,0.8445229681978799,0.8687943262411347,0.8439716312056738,0.8652482269503546,0.8569455930631783,0.01057812678566497,45,0.2909090909090909,0.45,0.4126984126984127,0.37142857142857144,0.4864864864864865,0.4023045123045123,0.06757478985823251,49,0.7272727272727273,0.5,0.65,0.48148148148148145,0.6,0.5917508417508418,0.09209206619482936,37,0.18181818181818182,0.4090909090909091,0.3023255813953488,0.3023255813953488,0.4090909090909091,0.32093023255813957,0.0843671008442107,49
3.7606749057769777,0.022793206915039752,0.02106952667236328,0.00013627835800571203,42,400,4,0.5,friedman_mse,"{'random_state': 42, 'n_estimators': 400, 'max_depth': 4, 'learning_rate': 0.5, 'criterion': 'friedman_mse'}",0.8515901060070671,0.8798586572438163,0.8900709219858156,0.8581560283687943,0.8617021276595744,0.8682755682530136,0.014375153939847084,19,0.43243243243243246,0.5277777777777777,0.5633802816901409,0.4444444444444444,0.43478260869565216,0.48056350900808953,0.054414856801481656,27,0.5333333333333333,0.6785714285714286,0.7142857142857143,0.5517241379310345,0.6,0.6155829228243023,0.07042096244976559,20,0.36363636363636365,0.4318181818181818,0.46511627906976744,0.37209302325581395,0.3409090909090909,0.3947145877378435,0.04627244864491038,28
12.603826379776,0.2416817747668745,0.02861342430114746,0.006501920124353811,42,600,8,0,squared_error,"{'random_state': 42, 'n_estimators': 600, 'max_depth': 8, 'learning_rate': 0, 'criterion': 'squared_error'}",0.8445229681978799,0.8445229681978799,0.8475177304964538,0.8475177304964538,0.8439716312056738,0.8456106057188683,0.0015701208898417011,53,0.0,0.0,0.0,0.0,0.0,0.0,0.0,53,0.0,0.0,0.0,0.0,0.0,0.0,0.0,53,0.0,0.0,0.0,0.0,0.0,0.0,0.0,53
6.5920497417449955,1.5980733216987353,0.023616218566894533,0.0009591402841128038,42,500,10,1,friedman_mse,"{'random_state': 42, 'n_estimators': 500, 'max_depth': 10, 'learning_rate': 1, 'criterion': 'friedman_mse'}",0.8445229681978799,0.8798586572438163,0.8900709219858156,0.8652482269503546,0.875886524822695,0.8711174598401122,0.01549258610168238,6,0.3529411764705882,0.5405405405405405,0.5633802816901409,0.4722222222222222,0.5333333333333333,0.49248351085136505,0.07600936931204004,15,0.5,0.6666666666666666,0.7142857142857143,0.5862068965517241,0.6451612903225806,0.6224641135653372,0.07377300155096551,13,0.2727272727272727,0.45454545454545453,0.46511627906976744,0.3953488372093023,0.45454545454545453,0.4084566596194503,0.07218441381098792,18
7.668310832977295,1.5972873770708274,0.02950897216796875,0.009449762193041843,42,700,8,1,friedman_mse,"{'random_state': 42, 'n_estimators': 700, 'max_depth': 8, 'learning_rate': 1, 'criterion': 'friedman_mse'}",0.8515901060070671,0.8833922261484098,0.8829787234042553,0.8617021276595744,0.8723404255319149,0.8704007217502443,0.01233087642212174,10,0.43243243243243246,0.5352112676056339,0.547945205479452,0.43478260869565216,0.48571428571428565,0.4872171599854912,0.0484651153900929,20,0.5333333333333333,0.7037037037037037,0.6666666666666666,0.5769230769230769,0.6538461538461539,0.6268945868945868,0.06238382112747492,9,0.36363636363636365,0.4318181818181818,0.46511627906976744,0.3488372093023256,0.38636363636363635,0.39915433403805495,0.04330091535821085,25
4.5454662322998045,0.6783502883279835,0.022808265686035157,0.0015077826599436555,42,400,6,0.5,friedman_mse,"{'random_state': 42, 'n_estimators': 400, 'max_depth': 6, 'learning_rate': 0.5, 'criterion': 'friedman_mse'}",0.8657243816254417,0.8833922261484098,0.8865248226950354,0.8546099290780141,0.8546099290780141,0.868972257724983,0.013704960370943027,18,0.4722222222222222,0.547945205479452,0.5555555555555556,0.4057971014492754,0.4057971014492754,0.4774634372311562,0.06536919198425345,30,0.6071428571428571,0.6896551724137931,0.6896551724137931,0.5384615384615384,0.56,0.6169829480863964,0.06335929278211959,18,0.38636363636363635,0.45454545454545453,0.46511627906976744,0.32558139534883723,0.3181818181818182,0.3899577167019027,0.061853687278525485,30
5.070152044296265,1.1649482521689214,0.023192930221557616,0.001505712035500672,42,400,10,1,friedman_mse,"{'random_state': 42, 'n_estimators': 400, 'max_depth': 10, 'learning_rate': 1, 'criterion': 'friedman_mse'}",0.8445229681978799,0.872791519434629,0.8936170212765957,0.8546099290780141,0.8829787234042553,0.8697040322782748,0.01799721636201404,13,0.3529411764705882,0.5135135135135135,0.5833333333333334,0.4383561643835616,0.5599999999999999,0.4896288375401993,0.08439847686474872,17,0.5,0.6333333333333333,0.7241379310344828,0.5333333333333333,0.6774193548387096,0.6136447905079717,0.08488655540271074,22,0.2727272727272727,0.4318181818181818,0.4883720930232558,0.37209302325581395,0.4772727272727273,0.4084566596194503,0.07926243612018684,18
2.0805791854858398,0.03012504580512378,0.020120525360107423,0.00021398619881090266,42,400,2,0.5,squared_error,"{'random_state': 42, 'n_estimators': 400, 'max_depth': 2, 'learning_rate': 0.5, 'criterion': 'squared_error'}",0.8515901060070671,0.8657243816254417,0.8723404255319149,0.851063829787234,0.8617021276595744,0.8604841741222463,0.008214148988331662,40,0.4878048780487805,0.5128205128205129,0.5384615384615383,0.4615384615384615,0.4800000000000001,0.49612507817385865,0.026820109374308343,13,0.5263157894736842,0.5882352941176471,0.6,0.5142857142857142,0.5806451612903226,0.5618963918334736,0.0347272082547148,41,0.45454545454545453,0.45454545454545453,0.4883720930232558,0.4186046511627907,0.4090909090909091,0.4450317124735729,0.02845888992890288,8
3.6333000659942627,0.03516968304720413,0.021826648712158205,0.0006212844824507838,42,700,2,1,friedman_mse,"{'random_state': 42, 'n_estimators': 700, 'max_depth': 2, 'learning_rate': 1, 'criterion': 'friedman_mse'}",0.8551236749116607,0.8586572438162544,0.8687943262411347,0.8475177304964538,0.8652482269503546,0.8590682404831715,0.007509084813307824,41,0.5176470588235295,0.5348837209302325,0.5432098765432098,0.42666666666666664,0.5250000000000001,0.5094814645927277,0.04230525505324587,4,0.5365853658536586,0.5476190476190477,0.5789473684210527,0.5,0.5833333333333334,0.5492970230454184,0.030437515372127397,42,0.5,0.5227272727272727,0.5116279069767442,0.37209302325581395,0.4772727272727273,0.4767441860465116,0.05445052131713876,1
7.81089940071106,1.9691638397717797,0.024526023864746095,0.0011552055396233769,42,600,10,1,friedman_mse,"{'random_state': 42, 'n_estimators': 600, 'max_depth': 10, 'learning_rate': 1, 'criterion': 'friedman_mse'}",0.8409893992932862,0.8657243816254417,0.8900709219858156,0.8581560283687943,0.8723404255319149,0.8654562313610507,0.01615713999233578,32,0.3283582089552239,0.4722222222222222,0.5633802816901409,0.4444444444444444,0.5000000000000001,0.4616810314624063,0.0774522723780429,40,0.4782608695652174,0.6071428571428571,0.7142857142857143,0.5517241379310345,0.6428571428571429,0.5988541443563933,0.08011665170684008,33,0.25,0.38636363636363635,0.46511627906976744,0.37209302325581395,0.4090909090909091,0.3765327695560254,0.07075870217670989,39
6.347074747085571,1.5043668012843288,0.023191261291503906,0.0009615528757321055,42,500,10,1,squared_error,"{'random_state': 42, 'n_estimators': 500, 'max_depth': 10, 'learning_rate': 1, 'criterion': 'squared_error'}",0.8445229681978799,0.8551236749116607,0.8865248226950354,0.8687943262411347,0.8687943262411347,0.864752023657369,0.01420320374172049,34,0.3529411764705882,0.4225352112676057,0.5555555555555556,0.49315068493150693,0.47887323943661975,0.46061117353237524,0.06848264846020806,41,0.5,0.5555555555555556,0.6896551724137931,0.6,0.6296296296296297,0.5949680715197957,0.06444326499078372,35,0.2727272727272727,0.3409090909090909,0.46511627906976744,0.4186046511627907,0.38636363636363635,0.3767441860465116,0.06596685757171684,38
2.2346535682678224,0.26807166406330823,0.0204160213470459,0.0005171141901264279,42,200,6,1,friedman_mse,"{'random_state': 42, 'n_estimators': 200, 'max_depth': 6, 'learning_rate': 1, 'criterion': 'friedman_mse'}",0.8551236749116607,0.8692579505300353,0.8936170212765957,0.8794326241134752,0.8617021276595744,0.8718266796982682,0.013570296009835506,5,0.4533333333333333,0.5066666666666667,0.5833333333333334,0.48484848484848486,0.43478260869565216,0.4925928853754941,0.05172082070364863,14,0.5483870967741935,0.6129032258064516,0.7241379310344828,0.6956521739130435,0.6,0.6362160855056342,0.06454754071948024,5,0.38636363636363635,0.4318181818181818,0.4883720930232558,0.37209302325581395,0.3409090909090909,0.40391120507399575,0.05138486391007642,20
3.1932451248168947,0.11788134876533901,0.02201108932495117,0.002748595637895542,42,600,2,0,friedman_mse,"{'random_state': 42, 'n_estimators': 600, 'max_depth': 2, 'learning_rate': 0, 'criterion': 'friedman_mse'}",0.8445229681978799,0.8445229681978799,0.8475177304964538,0.8475177304964538,0.8439716312056738,0.8456106057188683,0.0015701208898417011,53,0.0,0.0,0.0,0.0,0.0,0.0,0.0,53,0.0,0.0,0.0,0.0,0.0,0.0,0.0,53,0.0,0.0,0.0,0.0,0.0,0.0,0.0,53
5.541768026351929,0.8644620038632236,0.023275327682495118,0.0005983950197785557,42,700,4,1,friedman_mse,"{'random_state': 42, 'n_estimators': 700, 'max_depth': 4, 'learning_rate': 1, 'criterion': 'friedman_mse'}",0.8445229681978799,0.8763250883392226,0.8794326241134752,0.8723404255319149,0.8723404255319149,0.8689923063428815,0.012521487454924991,15,0.4358974358974359,0.5454545454545454,0.5277777777777777,0.48571428571428577,0.5000000000000001,0.498968808968809,0.037803767598516655,10,0.5,0.6363636363636364,0.6551724137931034,0.6296296296296297,0.6428571428571429,0.6128045645287024,0.05702836938816024,23,0.38636363636363635,0.4772727272727273,0.4418604651162791,0.3953488372093023,0.4090909090909091,0.4219873150105708,0.03345561588036911,14
2.9251588344573975,0.023260458299430492,0.021269464492797853,0.0008142494071835712,42,300,4,0.5,squared_error,"{'random_state': 42, 'n_estimators': 300, 'max_depth': 4, 'learning_rate': 0.5, 'criterion': 'squared_error'}",0.8515901060070671,0.8798586572438163,0.8865248226950354,0.8581560283687943,0.875886524822695,0.8704032278274816,0.013291387885914455,9,0.43243243243243246,0.5405405405405405,0.5428571428571429,0.4285714285714286,0.5070422535211268,0.4902887595845343,0.05044945888142317,16,0.5333333333333333,0.6666666666666666,0.7037037037037037,0.5555555555555556,0.6666666666666666,0.6251851851851852,0.067663331832114,11,0.36363636363636365,0.45454545454545453,0.4418604651162791,0.3488372093023256,0.4090909090909091,0.4035940803382664,0.04167855063121051,22
10.568611812591552,0.7197917443797373,0.025271797180175783,0.0004831203771175853,42,400,10,0,squared_error,"{'random_state': 42, 'n_estimators': 400, 'max_depth': 10, 'learning_rate': 0, 'criterion': 'squared_error'}",0.8445229681978799,0.8445229681978799,0.8475177304964538,0.8475177304964538,0.8439716312056738,0.8456106057188683,0.0015701208898417011,53,0.0,0.0,0.0,0.0,0.0,0.0,0.0,53,0.0,0.0,0.0,0.0,0.0,0.0,0.0,53,0.0,0.0,0.0,0.0,0.0,0.0,0.0,53
3.1804699420928957,0.5804506757733916,0.02287015914916992,0.0030175173976963775,42,200,10,0.5,friedman_mse,"{'random_state': 42, 'n_estimators': 200, 'max_depth': 10, 'learning_rate': 0.5, 'criterion': 'friedman_mse'}",0.8551236749116607,0.8833922261484098,0.8971631205673759,0.8439716312056738,0.851063829787234,0.866142896524071,0.020494683098804343,31,0.3492063492063492,0.5599999999999999,0.5797101449275363,0.4054054054054055,0.39999999999999997,0.4588643799078582,0.09292994506480343,42,0.5789473684210527,0.6774193548387096,0.7692307692307693,0.4838709677419355,0.5384615384615384,0.609585999738801,0.10187197895518926,29,0.25,0.4772727272727273,0.46511627906976744,0.3488372093023256,0.3181818181818182,0.37188160676532767,0.08725804262939423,41
2.735465574264526,0.06497887117496073,0.023057937622070312,0.004495708194038785,42,500,2,1,friedman_mse,"{'random_state': 42, 'n_estimators': 500, 'max_depth': 2, 'learning_rate': 1, 'criterion': 'friedman_mse'}",0.8515901060070671,0.8657243816254417,0.8687943262411347,0.8439716312056738,0.8617021276595744,0.8583565145477783,0.009242679899462859,42,0.5,0.5681818181818182,0.5432098765432098,0.4054054054054055,0.5063291139240506,0.5046252428108968,0.055492493935195404,6,0.525,0.5681818181818182,0.5789473684210527,0.4838709677419355,0.5714285714285714,0.5454857451546756,0.03612165208767643,44,0.4772727272727273,0.5681818181818182,0.5116279069767442,0.3488372093023256,0.45454545454545453,0.4720930232558139,0.07255729558885685,2
1.5980037689208983,0.07056501909343246,0.0200986385345459,0.0007641927349449643,42,100,6,0.5,squared_error,"{'random_state': 42, 'n_estimators': 100, 'max_depth': 6, 'learning_rate': 0.5, 'criterion': 'squared_error'}",0.8621908127208481,0.872791519434629,0.8900709219858156,0.8439716312056738,0.8617021276595744,0.866145402601308,0.01512388149925093,30,0.43478260869565216,0.5000000000000001,0.5507246376811594,0.37142857142857144,0.43478260869565216,0.4583436853002071,0.06153693947220771,43,0.6,0.6428571428571429,0.7307692307692307,0.48148148148148145,0.6,0.6110215710215711,0.08046936125353628,27,0.3409090909090909,0.4090909090909091,0.4418604651162791,0.3023255813953488,0.3409090909090909,0.3670190274841437,0.05083302775072299,45
100.1205078125,40.39742509826704,0.08272004127502441,0.025827901017613373,42,500,,1,squared_error,"{'random_state': 42, 'n_estimators': 500, 'max_depth': None, 'learning_rate': 1, 'criterion': 'squared_error'}",0.8374558303886925,0.8586572438162544,0.8652482269503546,0.8652482269503546,0.8404255319148937,0.8534070120041101,0.012090927980286215,47,0.08,0.393939393939394,0.3448275862068966,0.3448275862068966,0.23728813559322037,0.2801765403892815,0.11243804061496225,50,0.3333333333333333,0.5909090909090909,0.6666666666666666,0.6666666666666666,0.4666666666666667,0.5448484848484848,0.1285705831738644,46,0.045454545454545456,0.29545454545454547,0.23255813953488372,0.23255813953488372,0.1590909090909091,0.19302325581395346,0.0854939899529336,50
2.1717658042907715,0.09126012083460049,0.01945047378540039,0.0007788392744730809,42,400,2,0,friedman_mse,"{'random_state': 42, 'n_estimators': 400, 'max_depth': 2, 'learning_rate': 0, 'criterion': 'friedman_mse'}",0.8445229681978799,0.8445229681978799,0.8475177304964538,0.8475177304964538,0.8439716312056738,0.8456106057188683,0.0015701208898417011,53,0.0,0.0,0.0,0.0,0.0,0.0,0.0,53,0.0,0.0,0.0,0.0,0.0,0.0,0.0,53,0.0,0.0,0.0,0.0,0.0,0.0,0.0,53
4.6353496551513675,0.943005421069366,0.022613334655761718,0.001551095920200052,42,500,6,1,friedman_mse,"{'random_state': 42, 'n_estimators': 500, 'max_depth': 6, 'learning_rate': 1, 'criterion': 'friedman_mse'}",0.8551236749116607,0.8833922261484098,0.8936170212765957,0.8723404255319149,0.875886524822695,0.8760719745382552,0.012760915762717205,1,0.4675324675324675,0.547945205479452,0.5833333333333334,0.4705882352941177,0.4927536231884058,0.5124305729655553,0.04569965863371723,3,0.5454545454545454,0.6896551724137931,0.7241379310344828,0.64,0.68,0.6558495297805643,0.06136388610589873,1,0.4090909090909091,0.45454545454545453,0.4883720930232558,0.37209302325581395,0.38636363636363635,0.422093023255814,0.04333986489663851,13
3.691788387298584,0.5447320915382546,0.020214366912841796,0.0002529418381701778,42,400,4,1,squared_error,"{'random_state': 42, 'n_estimators': 400, 'max_depth': 4, 'learning_rate': 1, 'criterion': 'squared_error'}",0.8515901060070671,0.8586572438162544,0.8865248226950354,0.8723404255319149,0.875886524822695,0.8689998245745933,0.012456155839808612,14,0.46153846153846156,0.4594594594594595,0.5428571428571429,0.48571428571428577,0.4927536231884058,0.4884645945515511,0.030168936929475376,18,0.5294117647058824,0.5666666666666667,0.7037037037037037,0.6296296296296297,0.68,0.6218823529411766,0.06592722705482516,14,0.4090909090909091,0.38636363636363635,0.4418604651162791,0.3953488372093023,0.38636363636363635,0.40380549682875266,0.02076568457351701,21
2.3952299118041993,0.3704929779700918,0.019460535049438475,0.0002631693435689872,42,200,8,1,friedman_mse,"{'random_state': 42, 'n_estimators': 200, 'max_depth': 8, 'learning_rate': 1, 'criterion': 'friedman_mse'}",0.8409893992932862,0.8763250883392226,0.8865248226950354,0.8581560283687943,0.8723404255319149,0.8668671528456506,0.01582008255461634,26,0.3835616438356164,0.5070422535211268,0.5428571428571429,0.411764705882353,0.4705882352941177,0.4631627962780714,0.058838490727898034,39,0.4827586206896552,0.6666666666666666,0.7037037037037037,0.56,0.6666666666666666,0.6159591315453384,0.08211628178983692,19,0.3181818181818182,0.4090909090909091,0.4418604651162791,0.32558139534883723,0.36363636363636365,0.3716701902748415,0.04770054552387813,42
5.976503944396972,0.42810971874254194,0.024088525772094728,0.0008323885777613838,42,700,4,0.5,squared_error,"{'random_state': 42, 'n_estimators': 700, 'max_depth': 4, 'learning_rate': 0.5, 'criterion': 'squared_error'}",0.8445229681978799,0.8869257950530035,0.8829787234042553,0.8617021276595744,0.8652482269503546,0.8682755682530136,0.015366031739326491,19,0.40540540540540543,0.5675675675675677,0.5352112676056338,0.45070422535211263,0.4411764705882353,0.4800129873037909,0.061067543765750076,28,0.5,0.7,0.6785714285714286,0.5714285714285714,0.625,0.615,0.07278708115918284,21,0.3409090909090909,0.4772727272727273,0.4418604651162791,0.37209302325581395,0.3409090909090909,0.39460887949260043,0.05539011183175333,29
3.6276513576507567,0.0371761814590811,0.021397733688354494,0.00045509865474766106,42,700,2,0.5,friedman_mse,"{'random_state': 42, 'n_estimators': 700, 'max_depth': 2, 'learning_rate': 0.5, 'criterion': 'friedman_mse'}",0.8586572438162544,0.8692579505300353,0.8794326241134752,0.8581560283687943,0.8617021276595744,0.8654411948976268,0.008042437223846633,33,0.5,0.5432098765432098,0.5853658536585366,0.45945945945945943,0.49350649350649356,0.5163083366335398,0.04361264549844745,1,0.5555555555555556,0.5945945945945946,0.6153846153846154,0.5483870967741935,0.5757575757575758,0.5779358876133069,0.024733277484343556,39,0.45454545454545453,0.5,0.5581395348837209,0.3953488372093023,0.4318181818181818,0.46797040169133197,0.056422462874151806,4
4.0661273956298825,0.6646274920370191,0.02165393829345703,0.0007732519534280855,42,400,6,1,squared_error,"{'random_state': 42, 'n_estimators': 400, 'max_depth': 6, 'learning_rate': 1, 'criterion': 'squared_error'}",0.8621908127208481,0.872791519434629,0.8971631205673759,0.8723404255319149,0.8617021276595744,0.8732376011828684,0.01287270815038127,3,0.49350649350649356,0.5135135135135135,0.5915492957746479,0.48571428571428577,0.4507042253521127,0.5069975627722106,0.046894306345074105,5,0.5757575757575758,0.6333333333333333,0.75,0.6296296296296297,0.5925925925925926,0.6362626262626263,0.06092076914063802,4,0.4318181818181818,0.4318181818181818,0.4883720930232558,0.3953488372093023,0.36363636363636365,0.4221987315010571,0.041747932110112844,11
1.4975997447967528,0.1593966952201628,0.020320320129394533,0.0009608038315009682,42,100,8,1,friedman_mse,"{'random_state': 42, 'n_estimators': 100, 'max_depth': 8, 'learning_rate': 1, 'criterion': 'friedman_mse'}",0.8409893992932862,0.872791519434629,0.8900709219858156,0.8475177304964538,0.8687943262411347,0.8640327794902639,0.01778267095608987,35,0.3661971830985915,0.4705882352941177,0.5633802816901409,0.37681159420289856,0.44776119402985076,0.44494769766311987,0.07146439957076473,47,0.48148148148148145,0.6666666666666666,0.7142857142857143,0.5,0.6521739130434783,0.6029215550954682,0.09405503489707921,31,0.29545454545454547,0.36363636363636365,0.46511627906976744,0.3023255813953488,0.3409090909090909,0.35348837209302325,0.061167909641830547,47
15.900994205474854,1.090100979936206,0.028061628341674805,0.0010701599729871203,42,600,10,0,friedman_mse,"{'random_state': 42, 'n_estimators': 600, 'max_depth': 10, 'learning_rate': 0, 'criterion': 'friedman_mse'}",0.8445229681978799,0.8445229681978799,0.8475177304964538,0.8475177304964538,0.8439716312056738,0.8456106057188683,0.0015701208898417011,53,0.0,0.0,0.0,0.0,0.0,0.0,0.0,53,0.0,0.0,0.0,0.0,0.0,0.0,0.0,53,0.0,0.0,0.0,0.0,0.0,0.0,0.0,53
1.5690807819366455,0.025893187156437056,0.019746828079223632,0.0001550867243483793,42,100,6,0,squared_error,"{'random_state': 42, 'n_estimators': 100, 'max_depth': 6, 'learning_rate': 0, 'criterion': 'squared_error'}",0.8445229681978799,0.8445229681978799,0.8475177304964538,0.8475177304964538,0.8439716312056738,0.8456106057188683,0.0015701208898417011,53,0.0,0.0,0.0,0.0,0.0,0.0,0.0,53,0.0,0.0,0.0,0.0,0.0,0.0,0.0,53,0.0,0.0,0.0,0.0,0.0,0.0,0.0,53
1.6278669357299804,0.15772524832803267,0.02706913948059082,0.01448021365460625,42,100,6,1,squared_error,"{'random_state': 42, 'n_estimators': 100, 'max_depth': 6, 'learning_rate': 1, 'criterion': 'squared_error'}",0.8515901060070671,0.8657243816254417,0.8829787234042553,0.8652482269503546,0.8687943262411347,0.8668671528456506,0.010006115234051947,26,0.41666666666666663,0.5,0.5217391304347826,0.42424242424242425,0.47887323943661975,0.4683042921560986,0.04142341138641872,35,0.5357142857142857,0.59375,0.6923076923076923,0.6086956521739131,0.6296296296296297,0.6120194519651042,0.05084017862165231,25,0.3409090909090909,0.4318181818181818,0.4186046511627907,0.32558139534883723,0.38636363636363635,0.3806553911205074,0.04172115756841025,37
9.201930332183839,2.3191792980351296,0.02614431381225586,0.0014972661513410518,42,700,10,0.5,friedman_mse,"{'random_state': 42, 'n_estimators': 700, 'max_depth': 10, 'learning_rate': 0.5, 'criterion': 'friedman_mse'}",0.8657243816254417,0.8763250883392226,0.8936170212765957,0.8546099290780141,0.8475177304964538,0.8675588301631455,0.016300684176530765,24,0.4242424242424242,0.5070422535211268,0.5588235294117647,0.4225352112676056,0.3582089552238806,0.4541704747333604,0.07050216758796514,44,0.6363636363636364,0.6666666666666666,0.76,0.5357142857142857,0.5217391304347826,0.6240967438358742,0.08800103401994884,12,0.3181818181818182,0.4090909090909091,0.4418604651162791,0.3488372093023256,0.2727272727272727,0.35813953488372097,0.06096497946286775,46
6.853089761734009,1.2403518621334502,0.024623537063598634,0.0009157194194374684,42,700,6,0.5,squared_error,"{'random_state': 42, 'n_estimators': 700, 'max_depth': 6, 'learning_rate': 0.5, 'criterion': 'squared_error'}",0.8621908127208481,0.8798586572438163,0.8936170212765957,0.8581560283687943,0.8617021276595744,0.8711049294539258,0.013557066249592013,7,0.4657534246575343,0.5277777777777777,0.5833333333333334,0.411764705882353,0.4507042253521127,0.4878666934006223,0.060610778226968295,19,0.5862068965517241,0.6785714285714286,0.7241379310344828,0.56,0.5925925925925926,0.6283017697500456,0.0623279453240491,7,0.38636363636363635,0.4318181818181818,0.4883720930232558,0.32558139534883723,0.36363636363636365,0.39915433403805495,0.056329106057110244,25
2.7520197868347167,0.1995900379390141,0.020287370681762694,0.0003445766848864755,42,300,4,1,squared_error,"{'random_state': 42, 'n_estimators': 300, 'max_depth': 4, 'learning_rate': 1, 'criterion': 'squared_error'}",0.8551236749116607,0.8657243816254417,0.8687943262411347,0.8652482269503546,0.875886524822695,0.8661554269102574,0.006698752424493732,29,0.4533333333333333,0.5,0.4788732394366197,0.4411764705882353,0.4927536231884058,0.4732273333093189,0.022596269472552288,34,0.5483870967741935,0.59375,0.6071428571428571,0.6,0.68,0.6058559907834102,0.042385166148743166,30,0.38636363636363635,0.4318181818181818,0.3953488372093023,0.3488372093023256,0.38636363636363635,0.3897463002114165,0.026449461964920117,32
4.82078104019165,2.0995895822671735,0.021648311614990236,0.001375109761289783,42,100,,1,friedman_mse,"{'random_state': 42, 'n_estimators': 100, 'max_depth': None, 'learning_rate': 1, 'criterion': 'friedman_mse'}",0.833922261484099,0.8445229681978799,0.8829787234042553,0.8297872340425532,0.8652482269503546,0.8512918828158285,0.020043988012630517,49,0.3733333333333333,0.46341463414634143,0.5217391304347826,0.368421052631579,0.5128205128205129,0.44794573267330984,0.06600708209900058,46,0.45161290322580644,0.5,0.6923076923076923,0.42424242424242425,0.5882352941176471,0.531279662778714,0.0979348258280857,48,0.3181818181818182,0.4318181818181818,0.4186046511627907,0.32558139534883723,0.45454545454545453,0.3897463002114165,0.05663989432928241,32
6.029676914215088,0.12395302636655478,0.024095964431762696,0.004116684298276508,42,600,4,0,squared_error,"{'random_state': 42, 'n_estimators': 600, 'max_depth': 4, 'learning_rate': 0, 'criterion': 'squared_error'}",0.8445229681978799,0.8445229681978799,0.8475177304964538,0.8475177304964538,0.8439716312056738,0.8456106057188683,0.0015701208898417011,53,0.0,0.0,0.0,0.0,0.0,0.0,0.0,53,0.0,0.0,0.0,0.0,0.0,0.0,0.0,53,0.0,0.0,0.0,0.0,0.0,0.0,0.0,53
2.222709321975708,0.12342780243553024,0.026065731048583986,0.010218164189252822,42,400,2,1,friedman_mse,"{'random_state': 42, 'n_estimators': 400, 'max_depth': 2, 'learning_rate': 1, 'criterion': 'friedman_mse'}",0.8515901060070671,0.8480565371024735,0.8687943262411347,0.8475177304964538,0.851063829787234,0.8534045059268728,0.007859672724482427,48,0.5,0.5057471264367817,0.5432098765432098,0.4109589041095891,0.4473684210526316,0.4814568656284425,0.046646079345235486,25,0.525,0.5116279069767442,0.5789473684210527,0.5,0.53125,0.5293650550795593,0.027047829495696913,49,0.4772727272727273,0.5,0.5116279069767442,0.3488372093023256,0.38636363636363635,0.44482029598308664,0.06510169107068363,9
7.414697265625,1.8998128991632641,0.04083795547485351,0.02448357715047265,42,500,10,0.5,friedman_mse,"{'random_state': 42, 'n_estimators': 500, 'max_depth': 10, 'learning_rate': 0.5, 'criterion': 'friedman_mse'}",0.872791519434629,0.8869257950530035,0.900709219858156,0.851063829787234,0.8439716312056738,0.8710923990677394,0.021295159774141467,8,0.48571428571428565,0.5555555555555556,0.6000000000000001,0.4,0.3333333333333333,0.4749206349206349,0.09790138548518801,31,0.6538461538461539,0.7142857142857143,0.7777777777777778,0.5185185185185185,0.5,0.6328856328856329,0.10844120860484584,6,0.38636363636363635,0.45454545454545453,0.4883720930232558,0.32558139534883723,0.25,0.3809725158562368,0.08625391214794216,36
7.245338439941406,1.7704028437535395,0.023995590209960938,0.0009660130691767769,42,700,6,1,squared_error,"{'random_state': 42, 'n_estimators': 700, 'max_depth': 6, 'learning_rate': 1, 'criterion': 'squared_error'}",0.8586572438162544,0.8869257950530035,0.8865248226950354,0.8652482269503546,0.8687943262411347,0.8732300829511566,0.011489788841348877,4,0.4444444444444444,0.5675675675675677,0.5555555555555556,0.45714285714285713,0.47887323943661975,0.500716732829409,0.051026898532454144,9,0.5714285714285714,0.7,0.6896551724137931,0.5925925925925926,0.6296296296296297,0.6366611932129174,0.051121317801232934,3,0.36363636363636365,0.4772727272727273,0.46511627906976744,0.37209302325581395,0.38636363636363635,0.4128964059196617,0.04830461999776864,16
100.17435817718506,42.11533832194044,0.10941929817199707,0.07730867872162613,42,500,,1,friedman_mse,"{'random_state': 42, 'n_estimators': 500, 'max_depth': None, 'learning_rate': 1, 'criterion': 'friedman_mse'}",0.8374558303886925,0.8621908127208481,0.8617021276595744,0.8546099290780141,0.8404255319148937,0.8512768463524045,0.01046596483819637,50,0.08,0.4000000000000001,0.31578947368421056,0.30508474576271183,0.21052631578947364,0.2622801070472792,0.10914829422677867,51,0.3333333333333333,0.6190476190476191,0.6428571428571429,0.5625,0.46153846153846156,0.5238553113553114,0.1139284312061964,50,0.045454545454545456,0.29545454545454547,0.20930232558139536,0.20930232558139536,0.13636363636363635,0.17917547568710362,0.08372600193919096,51
3.0565745353698732,0.052938812898950256,0.0194366455078125,0.0007071651867280891,42,200,6,0,squared_error,"{'random_state': 42, 'n_estimators': 200, 'max_depth': 6, 'learning_rate': 0, 'criterion': 'squared_error'}",0.8445229681978799,0.8445229681978799,0.8475177304964538,0.8475177304964538,0.8439716312056738,0.8456106057188683,0.0015701208898417011,53,0.0,0.0,0.0,0.0,0.0,0.0,0.0,53,0.0,0.0,0.0,0.0,0.0,0.0,0.0,53,0.0,0.0,0.0,0.0,0.0,0.0,0.0,53
3.8018736839294434,0.6534090227389406,0.020964860916137695,0.0007455489334502721,42,300,8,0.5,squared_error,"{'random_state': 42, 'n_estimators': 300, 'max_depth': 8, 'learning_rate': 0.5, 'criterion': 'squared_error'}",0.8551236749116607,0.8869257950530035,0.8865248226950354,0.8617021276595744,0.851063829787234,0.8682680500213017,0.015448574856431677,21,0.4533333333333333,0.5555555555555556,0.5428571428571429,0.43478260869565216,0.38235294117647056,0.47377631632363093,0.06596463124329863,33,0.5483870967741935,0.7142857142857143,0.7037037037037037,0.5769230769230769,0.5416666666666666,0.616993251670671,0.07611969991509446,17,0.38636363636363635,0.45454545454545453,0.4418604651162791,0.3488372093023256,0.29545454545454547,0.38541226215644814,0.05898614804455937,35
9.333454990386963,2.7082138687169515,0.025528812408447267,0.001094436668360761,42,700,10,1,friedman_mse,"{'random_state': 42, 'n_estimators': 700, 'max_depth': 10, 'learning_rate': 1, 'criterion': 'friedman_mse'}",0.8409893992932862,0.8551236749116607,0.8865248226950354,0.8546099290780141,0.875886524822695,0.8626268701601383,0.01634429567705722,38,0.3283582089552239,0.4225352112676057,0.5428571428571429,0.4383561643835616,0.5205479452054794,0.4505309345338027,0.0765306094990363,45,0.4782608695652174,0.5555555555555556,0.7037037037037037,0.5333333333333333,0.6551724137931034,0.5852051751901828,0.08239440292312801,38,0.25,0.3409090909090909,0.4418604651162791,0.37209302325581395,0.4318181818181818,0.36733615221987315,0.06957096429278559,44
4.755787086486817,0.11332111028257742,0.027892589569091797,0.014303030474138674,42,300,6,0,friedman_mse,"{'random_state': 42, 'n_estimators': 300, 'max_depth': 6, 'learning_rate': 0, 'criterion': 'friedman_mse'}",0.8445229681978799,0.8445229681978799,0.8475177304964538,0.8475177304964538,0.8439716312056738,0.8456106057188683,0.0015701208898417011,53,0.0,0.0,0.0,0.0,0.0,0.0,0.0,53,0.0,0.0,0.0,0.0,0.0,0.0,0.0,53,0.0,0.0,0.0,0.0,0.0,0.0,0.0,53
7.519799137115479,0.35601794944529097,0.026016950607299805,0.00536888365840625,42,700,4,0,squared_error,"{'random_state': 42, 'n_estimators': 700, 'max_depth': 4, 'learning_rate': 0, 'criterion': 'squared_error'}",0.8445229681978799,0.8445229681978799,0.8475177304964538,0.8475177304964538,0.8439716312056738,0.8456106057188683,0.0015701208898417011,53,0.0,0.0,0.0,0.0,0.0,0.0,0.0,53,0.0,0.0,0.0,0.0,0.0,0.0,0.0,53,0.0,0.0,0.0,0.0,0.0,0.0,0.0,53
5.388076066970825,1.4717852580654491,0.023055458068847658,0.0006462890241084562,42,400,10,1,squared_error,"{'random_state': 42, 'n_estimators': 400, 'max_depth': 10, 'learning_rate': 1, 'criterion': 'squared_error'}",0.8445229681978799,0.8657243816254417,0.8865248226950354,0.8652482269503546,0.8723404255319149,0.8668721650001252,0.013561489644482484,25,0.3529411764705882,0.4864864864864865,0.5789473684210527,0.4722222222222222,0.5000000000000001,0.47811945072006995,0.07269031897062825,29,0.5,0.6,0.6666666666666666,0.5862068965517241,0.6428571428571429,0.5991461412151067,0.05738951727786903,32,0.2727272727272727,0.4090909090909091,0.5116279069767442,0.3953488372093023,0.4090909090909091,0.3995771670190275,0.07595415111276224,24
1.023205327987671,0.011327015340036039,0.018659591674804688,0.0004827284940043155,42,100,4,0,friedman_mse,"{'random_state': 42, 'n_estimators': 100, 'max_depth': 4, 'learning_rate': 0, 'criterion': 'friedman_mse'}",0.8445229681978799,0.8445229681978799,0.8475177304964538,0.8475177304964538,0.8439716312056738,0.8456106057188683,0.0015701208898417011,53,0.0,0.0,0.0,0.0,0.0,0.0,0.0,53,0.0,0.0,0.0,0.0,0.0,0.0,0.0,53,0.0,0.0,0.0,0.0,0.0,0.0,0.0,53
5.877427196502685,0.9911299921157789,0.02486758232116699,0.0020781674471347126,42,700,4,1,friedman_mse,"{'random_state': 42, 'n_estimators': 700, 'max_depth': 4, 'learning_rate': 1, 'criterion': 'friedman_mse'}",0.8445229681978799,0.8763250883392226,0.8794326241134752,0.8723404255319149,0.8723404255319149,0.8689923063428815,0.012521487454924991,15,0.4358974358974359,0.5454545454545454,0.5277777777777777,0.48571428571428577,0.5000000000000001,0.498968808968809,0.037803767598516655,10,0.5,0.6363636363636364,0.6551724137931034,0.6296296296296297,0.6428571428571429,0.6128045645287024,0.05702836938816024,23,0.38636363636363635,0.4772727272727273,0.4418604651162791,0.3953488372093023,0.4090909090909091,0.4219873150105708,0.03345561588036911,14
132.85315890312194,47.07531082116079,0.09672532081604004,0.02453616927982151,42,600,,1,friedman_mse,"{'random_state': 42, 'n_estimators': 600, 'max_depth': None, 'learning_rate': 1, 'criterion': 'friedman_mse'}",0.8374558303886925,0.8586572438162544,0.8581560283687943,0.8617021276595744,0.8368794326241135,0.8505701325714858,0.011011709084104183,51,0.08,0.393939393939394,0.2857142857142857,0.33898305084745767,0.11538461538461538,0.24280426917715053,0.12383412432331915,52,0.3333333333333333,0.5909090909090909,0.6153846153846154,0.625,0.375,0.507925407925408,0.12672157638005468,52,0.045454545454545456,0.29545454545454547,0.18604651162790697,0.23255813953488372,0.06818181818181818,0.16553911205073996,0.09559170374348613,52
10.377075958251954,0.19229312259474965,0.024729013442993164,0.0011825014686246535,42,500,8,0,squared_error,"{'random_state': 42, 'n_estimators': 500, 'max_depth': 8, 'learning_rate': 0, 'criterion': 'squared_error'}",0.8445229681978799,0.8445229681978799,0.8475177304964538,0.8475177304964538,0.8439716312056738,0.8456106057188683,0.0015701208898417011,53,0.0,0.0,0.0,0.0,0.0,0.0,0.0,53,0.0,0.0,0.0,0.0,0.0,0.0,0.0,53,0.0,0.0,0.0,0.0,0.0,0.0,0.0,53
3.093398380279541,0.10741064244525382,0.02007884979248047,0.00019405212574220197,42,600,2,1,squared_error,"{'random_state': 42, 'n_estimators': 600, 'max_depth': 2, 'learning_rate': 1, 'criterion': 'squared_error'}",0.8551236749116607,0.8657243816254417,0.8687943262411347,0.8404255319148937,0.8617021276595744,0.858354008470541,0.010063775277751931,44,0.5176470588235295,0.5581395348837208,0.5432098765432098,0.4000000000000001,0.49350649350649356,0.5025005927513908,0.05580254194664539,8,0.5365853658536586,0.5714285714285714,0.5789473684210527,0.46875,0.5757575757575758,0.5462937762921716,0.04164954011582516,43,0.5,0.5454545454545454,0.5116279069767442,0.3488372093023256,0.4318181818181818,0.4675475687103594,0.06990632598296433,5
1.0371531009674073,0.023177264154443194,0.018786144256591798,0.0008483630634677875,42,200,2,1,squared_error,"{'random_state': 42, 'n_estimators': 200, 'max_depth': 2, 'learning_rate': 1, 'criterion': 'squared_error'}",0.8551236749116607,0.8374558303886925,0.8581560283687943,0.8687943262411347,0.851063829787234,0.8541187379395033,0.010194777645374154,46,0.5060240963855421,0.4888888888888889,0.5238095238095238,0.5066666666666667,0.39999999999999997,0.4850778351501243,0.04394935580149535,23,0.5384615384615384,0.4782608695652174,0.5365853658536586,0.59375,0.5384615384615384,0.5371038624683905,0.03653830351288118,47,0.4772727272727273,0.5,0.5116279069767442,0.4418604651162791,0.3181818181818182,0.4497885835095138,0.0699769421631713,7
9.423759174346923,3.021709576008027,0.025551652908325194,0.006867757901466251,42,700,10,1,squared_error,"{'random_state': 42, 'n_estimators': 700, 'max_depth': 10, 'learning_rate': 1, 'criterion': 'squared_error'}",0.8409893992932862,0.8621908127208481,0.8794326241134752,0.8581560283687943,0.875886524822695,0.8633310778638197,0.013741404463796281,37,0.3283582089552239,0.41791044776119407,0.5142857142857143,0.4444444444444444,0.4927536231884058,0.4395504877269965,0.06522559729468383,48,0.4782608695652174,0.6086956521739131,0.6666666666666666,0.5517241379310345,0.68,0.5970694652673664,0.07487067968116365,34,0.25,0.3181818181818182,0.4186046511627907,0.37209302325581395,0.38636363636363635,0.3490486257928119,0.05920284624431713,48
0.5122549057006835,0.004942322108582888,0.018022680282592775,0.0004149543308884296,42,100,2,0.5,friedman_mse,"{'random_state': 42, 'n_estimators': 100, 'max_depth': 2, 'learning_rate': 0.5, 'criterion': 'friedman_mse'}",0.8551236749116607,0.8621908127208481,0.8900709219858156,0.851063829787234,0.8546099290780141,0.8626118336967146,0.014196042984868009,39,0.4533333333333333,0.5185185185185185,0.5866666666666667,0.4324324324324324,0.4383561643835616,0.48586142306690244,0.05898756866501332,21,0.5483870967741935,0.5675675675675675,0.6875,0.5161290322580645,0.5517241379310345,0.574261566906172,0.05903315653211173,40,0.38636363636363635,0.4772727272727273,0.5116279069767442,0.37209302325581395,0.36363636363636365,0.4221987315010571,0.06042352093134641,11
